ID,wav2vec2_predict,class_0,class_1,class_2,class_3,sentiment,sentiment_score
Ses02F_script03_1_M001,2,0.06853830814361572,0.13453777134418488,0.7671583294868469,0.029765581712126732,neutral,0.6233763098716736
Ses02F_script03_1_M004,0,0.4936051368713379,0.232580304145813,0.25147390365600586,0.022340545430779457,neutral,0.49212780594825745
Ses02F_script03_1_M005,1,0.09881550818681717,0.8072653412818909,0.0773627758026123,0.016556376591324806,neutral,0.6045275926589966
Ses02F_script03_1_M007,1,0.04581572860479355,0.7896691560745239,0.1454346626996994,0.019080493599176407,positive,0.9388471841812134
Ses02F_script03_1_M008,1,0.07484171539545059,0.7715592384338379,0.12440726906061172,0.029191743582487106,neutral,0.48314806818962097
Ses02F_script03_1_M009,2,0.03441792353987694,0.11642345041036606,0.8122281432151794,0.036930445581674576,negative,0.7597844004631042
Ses02F_script03_1_M010,1,0.10969619452953339,0.6744270324707031,0.1270531415939331,0.0888235941529274,positive,0.8433725237846375
Ses02F_script03_1_M012,0,0.7615035176277161,0.18832875788211823,0.034161075949668884,0.01600663736462593,negative,0.5553440451622009
Ses02F_script03_1_M013,1,0.14196930825710297,0.7882971167564392,0.04740157350897789,0.022331932559609413,negative,0.8683421611785889
Ses02F_script03_1_M014,0,0.6170008778572083,0.3142687976360321,0.048698801547288895,0.020031504333019257,negative,0.7224124670028687
Ses02F_script03_1_M015,2,0.10776494443416595,0.28047263622283936,0.5857387185096741,0.02602367103099823,positive,0.6878723502159119
Ses02F_script03_1_M016,2,0.07429328560829163,0.25781071186065674,0.6343791484832764,0.033516865223646164,neutral,0.7841099500656128
Ses02F_script03_1_M017,2,0.04191598668694496,0.212762713432312,0.6914668679237366,0.05385442078113556,neutral,0.5600892901420593
Ses02F_script03_1_M018,2,0.04334802180528641,0.08775179833173752,0.8160803318023682,0.05281985551118851,neutral,0.6122612953186035
Ses02F_script03_1_M019,1,0.2346947342157364,0.6409016251564026,0.10436052083969116,0.020043155178427696,positive,0.8526403903961182
Ses02F_script03_1_M020,1,0.10407990217208862,0.8074329495429993,0.06849325448274612,0.019994007423520088,negative,0.8705933094024658
Ses02F_script03_1_M021,1,0.053166717290878296,0.7796272039413452,0.1452292501926422,0.021976839751005173,neutral,0.8975508213043213
Ses02F_script03_1_M022,1,0.14871549606323242,0.7843246459960938,0.040909286588430405,0.026050511747598648,negative,0.4492683708667755
Ses02F_script03_1_M023,0,0.5904830098152161,0.3386218249797821,0.053363628685474396,0.017531558871269226,neutral,0.4836677014827728
Ses02F_script03_1_M024,1,0.1677483320236206,0.6530882716178894,0.14388297498226166,0.03528043255209923,positive,0.4696892201900482
Ses02F_script03_1_M025,2,0.029798274859786034,0.20122694969177246,0.6580477952957153,0.11092693358659744,negative,0.8747169971466064
Ses02F_script03_1_M026,1,0.143398255109787,0.6823844909667969,0.1460392028093338,0.028178073465824127,neutral,0.6650729179382324
Ses02F_script03_1_M028,1,0.03722230717539787,0.6094964742660522,0.3267463743686676,0.026534896343946457,neutral,0.7775259613990784
Ses02F_script03_1_M029,1,0.05438682809472084,0.8197789788246155,0.10208192467689514,0.023752324283123016,negative,0.8274815082550049
Ses02F_script03_1_M031,2,0.18034660816192627,0.1830163449048996,0.6071574687957764,0.0294796135276556,neutral,0.5076477527618408
Ses02F_script03_1_M032,1,0.060506921261548996,0.8709620237350464,0.043262943625450134,0.025268079712986946,positive,0.7007103562355042
Ses02F_script03_1_M033,2,0.040346305817365646,0.16508518159389496,0.7597331404685974,0.03483538702130318,neutral,0.6819067597389221
Ses02F_script03_1_M034,2,0.03323330357670784,0.10524316877126694,0.692931056022644,0.1685924232006073,neutral,0.7977854013442993
Ses02M_script01_1_M003,3,0.0198006983846426,0.07414928078651428,0.17077408730983734,0.7352758646011353,negative,0.6947413086891174
Ses02M_script01_1_M004,2,0.015951450914144516,0.08840291947126389,0.589341402053833,0.3063042461872101,negative,0.6337985396385193
Ses02M_script01_1_M005,3,0.01564832217991352,0.06348274648189545,0.22846420109272003,0.6924047470092773,neutral,0.5099970698356628
Ses02M_script01_1_M012,0,0.8925020694732666,0.06782641261816025,0.024770796298980713,0.014900739304721355,neutral,0.7414594888687134
Ses02M_script01_1_M013,0,0.938088595867157,0.02760421857237816,0.017904333770275116,0.016402797773480415,negative,0.8794622421264648
Ses02M_script01_1_M016,3,0.020247047767043114,0.056515004485845566,0.30974310636520386,0.6134948134422302,neutral,0.7420459389686584
Ses02M_script01_1_M017,2,0.02743724174797535,0.06592284888029099,0.8356879353523254,0.07095195353031158,neutral,0.6190565824508667
Ses02M_script01_1_M018,2,0.032694365829229355,0.09853556007146835,0.8276097774505615,0.04116033390164375,neutral,0.8659710884094238
Ses02M_script01_1_M021,0,0.9200077056884766,0.03707968443632126,0.02796456776559353,0.014948045834898949,neutral,0.6879558563232422
Ses02M_script01_1_M024,0,0.7670491337776184,0.16320541501045227,0.043103937059640884,0.026641497388482094,negative,0.9235101938247681
Ses02M_script01_1_M025,0,0.9386065006256104,0.022869544103741646,0.02008124068379402,0.018442761152982712,neutral,0.61841881275177
Ses02M_script01_1_M026,2,0.17431515455245972,0.14303497970104218,0.6218928694725037,0.06075695529580116,neutral,0.7656134963035583
Ses02M_script01_1_M027,2,0.09505635499954224,0.19773128628730774,0.6544205546379089,0.05279182642698288,negative,0.5141578316688538
Ses02M_script01_1_M028,0,0.44149723649024963,0.09512203186750412,0.3269006311893463,0.13648012280464172,neutral,0.6781598329544067
Ses02M_script01_1_M035,2,0.020744264125823975,0.12274808436632156,0.7403190732002258,0.11618853360414505,negative,0.7610101699829102
Ses02M_script01_1_M036,2,0.061812903732061386,0.12147127836942673,0.612736165523529,0.2039797008037567,neutral,0.8886849284172058
Ses02M_script01_1_M037,0,0.9263759255409241,0.04200886934995651,0.017156396061182022,0.014458819292485714,negative,0.8766148686408997
Ses02M_script01_1_M038,0,0.9390749335289001,0.023103266954421997,0.0200393907725811,0.017782388255000114,negative,0.8715087175369263
Ses02M_script01_1_M039,0,0.8473976254463196,0.11384981870651245,0.021935198456048965,0.01681734248995781,positive,0.8428864479064941
Ses02M_script01_1_M041,2,0.03620412200689316,0.09558629989624023,0.8262549638748169,0.041954606771469116,positive,0.8229241967201233
Ses02M_impro06_M000,2,0.017256759107112885,0.0644051805138588,0.6921634674072266,0.22617456316947937,neutral,0.5018528699874878
Ses02M_impro06_M001,3,0.013942068442702293,0.06029795855283737,0.21074806153774261,0.7150119543075562,neutral,0.8593438863754272
Ses02M_impro06_M002,3,0.018368562683463097,0.09027142822742462,0.0732734426856041,0.818086564540863,neutral,0.6250781416893005
Ses02M_impro06_M003,3,0.018159369006752968,0.0750906765460968,0.07069963216781616,0.8360503315925598,neutral,0.722777783870697
Ses02M_impro06_M004,3,0.015530170872807503,0.061242032796144485,0.09453333169221878,0.8286944031715393,neutral,0.8567025661468506
Ses02M_impro06_M005,3,0.017475446686148643,0.08064842224121094,0.07297178357839584,0.828904390335083,neutral,0.8137969374656677
Ses02M_impro06_M006,3,0.01540086604654789,0.06863577663898468,0.11092232912778854,0.8050410151481628,negative,0.6764405965805054
Ses02M_impro06_M007,3,0.017043765634298325,0.08575095981359482,0.08363361656665802,0.813571572303772,neutral,0.9150292277336121
Ses02M_impro06_M008,3,0.01952545717358589,0.07674313336610794,0.060696426779031754,0.8430349230766296,negative,0.6051852107048035
Ses02M_impro06_M009,3,0.017513135448098183,0.097276471555233,0.0800866112112999,0.8051238059997559,negative,0.5077829957008362
Ses02M_impro06_M010,3,0.013961324468255043,0.05584312602877617,0.211086243391037,0.719109296798706,neutral,0.7097027897834778
Ses02M_impro06_M011,3,0.013865325599908829,0.061220068484544754,0.2431553304195404,0.6817591786384583,positive,0.9464653134346008
Ses02M_impro06_M012,3,0.017556477338075638,0.08119361102581024,0.08375534415245056,0.8174945712089539,neutral,0.5310333967208862
Ses02M_impro06_M013,3,0.019050126895308495,0.06713733077049255,0.06469270586967468,0.8491197824478149,negative,0.8517671227455139
Ses02M_impro06_M014,3,0.014112097211182117,0.07276628911495209,0.18639981746673584,0.7267218232154846,neutral,0.8314875960350037
Ses02M_impro06_M015,3,0.01964777521789074,0.06731016933917999,0.07364731281995773,0.839394748210907,neutral,0.6304046511650085
Ses02M_impro06_M016,3,0.020705847069621086,0.07701010257005692,0.06487081944942474,0.8374132513999939,negative,0.8150385022163391
Ses02M_impro06_M017,3,0.02034403756260872,0.07878002524375916,0.06058972701430321,0.8402861952781677,negative,0.6714805364608765
Ses02M_impro06_M018,3,0.01442160364240408,0.06161922588944435,0.12353422492742538,0.8004250526428223,neutral,0.5782251954078674
Ses02M_impro06_M019,3,0.01559128426015377,0.05832257866859436,0.09181573987007141,0.8342704176902771,positive,0.745232105255127
Ses02M_impro06_M020,3,0.015191729180514812,0.062119610607624054,0.1311783492565155,0.791510283946991,neutral,0.8180338740348816
Ses02M_impro06_M021,3,0.017602141946554184,0.06387604027986526,0.07224995642900467,0.8462719321250916,neutral,0.8358001112937927
Ses02M_impro06_M022,3,0.02017313428223133,0.06833083182573318,0.06680461019277573,0.8446913957595825,neutral,0.49516838788986206
Ses02M_impro06_M023,3,0.016238901764154434,0.05903743579983711,0.1059296578168869,0.8187940120697021,positive,0.4012986123561859
Ses02M_impro01_M001,1,0.024699559435248375,0.563936710357666,0.3782289922237396,0.03313475102186203,neutral,0.5911333560943604
Ses02M_impro01_M002,2,0.017142560333013535,0.07817522436380386,0.7706544995307922,0.1340276449918747,neutral,0.7594634294509888
Ses02M_impro01_M003,2,0.02184026688337326,0.32311171293258667,0.6155467629432678,0.039501260966062546,neutral,0.5093146562576294
Ses02M_impro01_M004,1,0.028982818126678467,0.8499189019203186,0.09599178284406662,0.025106478482484818,neutral,0.47634851932525635
Ses02M_impro01_M005,2,0.036541253328323364,0.13517329096794128,0.7936088442802429,0.03467659652233124,neutral,0.79755038022995
Ses02M_impro01_M007,0,0.9105223417282104,0.05617236718535423,0.019731884822249413,0.013573342002928257,neutral,0.8299206495285034
Ses02M_impro01_M008,1,0.3423340618610382,0.6023906469345093,0.03654397279024124,0.01873135380446911,neutral,0.8608602285385132
Ses02M_impro01_M009,0,0.9370442032814026,0.030345728620886803,0.017119962722063065,0.015490127727389336,negative,0.8130790591239929
Ses02M_impro01_M010,0,0.9386394023895264,0.02495492622256279,0.019659992307424545,0.016745675355196,neutral,0.7359433174133301
Ses02M_impro01_M011,0,0.9274158477783203,0.030542565509676933,0.02616565115749836,0.015875907614827156,neutral,0.8107744455337524
Ses02M_impro01_M018,0,0.9366926550865173,0.02715763822197914,0.02004321850836277,0.016106590628623962,neutral,0.6752329468727112
Ses02M_impro01_M019,0,0.8933289647102356,0.07420028746128082,0.018794093281030655,0.013676661066710949,negative,0.5190865397453308
Ses02F_impro07_M000,1,0.04195396602153778,0.8702513575553894,0.06460577994585037,0.02318888157606125,neutral,0.8814513087272644
Ses02F_impro07_M001,1,0.15751998126506805,0.7788795232772827,0.04430941864848137,0.019291071221232414,neutral,0.8656390905380249
Ses02F_impro07_M002,1,0.1971689611673355,0.71230548620224,0.07071731984615326,0.01980816386640072,negative,0.6465978622436523
Ses02F_impro07_M003,2,0.03293699771165848,0.2821124494075775,0.6499485969543457,0.03500189259648323,neutral,0.6071591377258301
Ses02F_impro07_M004,2,0.022791631519794464,0.3261646032333374,0.6044370532035828,0.04660671949386597,neutral,0.5166729688644409
Ses02F_impro07_M005,1,0.08124986290931702,0.8549730181694031,0.03889206796884537,0.02488502487540245,neutral,0.44577518105506897
Ses02F_impro07_M006,1,0.040440600365400314,0.8811991810798645,0.04891949146986008,0.029440665617585182,neutral,0.7647503018379211
Ses02F_impro07_M007,2,0.02524787373840809,0.24372906982898712,0.6934671998023987,0.03755582869052887,neutral,0.6398849487304688
Ses02F_impro07_M008,1,0.035125911235809326,0.8745542168617249,0.06323464214801788,0.02708526886999607,neutral,0.6248507499694824
Ses02F_impro07_M009,2,0.028499232605099678,0.19681698083877563,0.7405043244361877,0.03417946398258209,neutral,0.7508159875869751
Ses02F_impro07_M010,1,0.03969300538301468,0.8800214529037476,0.0534985326230526,0.026786979287862778,neutral,0.488911509513855
Ses02F_impro07_M011,1,0.02712027169764042,0.7352633476257324,0.18511216342449188,0.052504122257232666,neutral,0.7739991545677185
Ses02F_impro07_M016,1,0.03932635113596916,0.8744801878929138,0.05833224579691887,0.02786117233335972,neutral,0.48409292101860046
Ses02F_impro07_M017,1,0.026130128651857376,0.8252679705619812,0.12014953047037125,0.028452403843402863,neutral,0.7866425514221191
Ses02F_impro07_M018,1,0.03682108223438263,0.8804112076759338,0.05365626513957977,0.029111523181200027,neutral,0.6848434805870056
Ses02F_impro07_M019,2,0.03286321461200714,0.35781335830688477,0.5782425999641418,0.031080812215805054,neutral,0.8802887797355652
Ses02F_impro07_M023,2,0.017767807468771935,0.11779028177261353,0.7979093194007874,0.06653260439634323,neutral,0.8321343064308167
Ses02F_impro07_M027,1,0.027277067303657532,0.8125994801521301,0.13376277685165405,0.0263606496155262,neutral,0.7493855953216553
Ses02F_impro07_M028,1,0.037997446954250336,0.8803489208221436,0.05125828832387924,0.03039536066353321,neutral,0.8024761080741882
Ses02F_impro07_M029,1,0.020907118916511536,0.6798908114433289,0.2484164535999298,0.050785552710294724,neutral,0.8730641603469849
Ses02F_impro07_M034,1,0.06255922466516495,0.8215093612670898,0.09042864292860031,0.025502696633338928,neutral,0.7252385020256042
Ses02M_impro08_M000,2,0.0318126454949379,0.20941898226737976,0.7276670932769775,0.031101277098059654,neutral,0.7222633361816406
Ses02M_impro08_M002,1,0.02729671634733677,0.8466324806213379,0.09874692559242249,0.02732388861477375,neutral,0.6712051033973694
Ses02M_impro08_M003,2,0.04880889505147934,0.404269814491272,0.5178250074386597,0.029096312820911407,neutral,0.7186455130577087
Ses02M_impro08_M004,1,0.04627418890595436,0.4937495291233063,0.43794482946395874,0.022031430155038834,neutral,0.7180829048156738
Ses02M_impro08_M005,2,0.03442759066820145,0.14343956112861633,0.7787086963653564,0.04342414066195488,negative,0.5165635943412781
Ses02M_impro08_M007,2,0.021690204739570618,0.10610143095254898,0.8101319670677185,0.062076348811388016,neutral,0.6749230623245239
Ses02M_impro08_M008,2,0.02412297949194908,0.11303025484085083,0.814643383026123,0.04820334538817406,neutral,0.84136563539505
Ses02M_impro08_M009,2,0.029647288843989372,0.2952752411365509,0.6352764964103699,0.03980102017521858,neutral,0.5987678170204163
Ses02M_impro08_M010,2,0.02759111486375332,0.12612193822860718,0.8033766150474548,0.04291025549173355,positive,0.8066779971122742
Ses02M_impro08_M011,2,0.026962503790855408,0.13817250728607178,0.7749556303024292,0.059909362345933914,neutral,0.6043630242347717
Ses02M_impro08_M012,2,0.026990987360477448,0.10421832650899887,0.8193273544311523,0.049463268369436264,neutral,0.7712362408638
Ses02M_impro08_M013,2,0.031194573268294334,0.14845864474773407,0.783901035785675,0.03644583374261856,positive,0.7902358770370483
Ses02M_impro08_M014,2,0.04308483377099037,0.36565762758255005,0.567300021648407,0.023957541212439537,neutral,0.8157084584236145
Ses02M_impro08_M015,2,0.02396860532462597,0.2985498905181885,0.6232309341430664,0.05425059795379639,neutral,0.845133900642395
Ses02M_impro08_M016,2,0.025333121418952942,0.09913232922554016,0.8231610059738159,0.05237352102994919,neutral,0.636361837387085
Ses02M_impro08_M017,2,0.03014572151005268,0.1181340366601944,0.8115566968917847,0.04016361013054848,neutral,0.8861701488494873
Ses02M_impro08_M018,2,0.03691539913415909,0.08363755792379379,0.8357106447219849,0.043736375868320465,neutral,0.7060936093330383
Ses02M_impro08_M019,2,0.020759962499141693,0.1839141696691513,0.7452597618103027,0.05006617307662964,neutral,0.7753086686134338
Ses02M_impro08_M020,2,0.02148502692580223,0.08581236004829407,0.7968025803565979,0.09589995443820953,neutral,0.7985559105873108
Ses02M_impro08_M021,2,0.019531777128577232,0.23693044483661652,0.6660674810409546,0.07747025787830353,neutral,0.654624342918396
Ses02M_impro08_M022,2,0.023898348212242126,0.1557873636484146,0.7777866721153259,0.04252759367227554,neutral,0.6647047400474548
Ses02M_impro08_M023,2,0.026596015319228172,0.08998329192399979,0.8308919668197632,0.05252871289849281,neutral,0.6717765927314758
Ses02M_impro08_M024,1,0.04113940894603729,0.5737797021865845,0.3619605302810669,0.02312028966844082,neutral,0.6304848194122314
Ses02M_impro08_M025,2,0.02658836729824543,0.19585803151130676,0.730957567691803,0.046595990657806396,neutral,0.9091209173202515
Ses02M_impro08_M026,2,0.022308873012661934,0.14297187328338623,0.7868242859840393,0.04789498448371887,neutral,0.7040717601776123
Ses02M_impro08_M027,2,0.026996714994311333,0.07983725517988205,0.8120511770248413,0.08111482113599777,neutral,0.7046706676483154
Ses02M_impro08_M028,2,0.033839158713817596,0.1229311153292656,0.7436122298240662,0.09961740672588348,neutral,0.7695866227149963
Ses02M_impro08_M029,2,0.023782767355442047,0.3636856973171234,0.5491060614585876,0.0634254440665245,negative,0.6591060757637024
Ses02M_impro08_M030,2,0.02059677429497242,0.08094754070043564,0.7919445037841797,0.10651111602783203,neutral,0.6213366985321045
Ses02M_impro08_M031,2,0.023280449211597443,0.07881942391395569,0.8325746655464172,0.06532544642686844,negative,0.7228261232376099
Ses02F_script02_1_M000,2,0.036027826368808746,0.0910608172416687,0.633197546005249,0.23971381783485413,neutral,0.9613257050514221
Ses02F_script02_1_M001,1,0.3712921440601349,0.4943675100803375,0.08695131540298462,0.047389041632413864,positive,0.9809761047363281
Ses02F_script02_1_M002,2,0.030049456283450127,0.26551008224487305,0.41865357756614685,0.285786896944046,neutral,0.47892969846725464
Ses02F_script02_1_M003,2,0.0667421817779541,0.11409708857536316,0.7806690335273743,0.03849167376756668,neutral,0.6664196848869324
Ses02F_script02_1_M004,2,0.025781523436307907,0.20353394746780396,0.7319930195808411,0.03869147598743439,neutral,0.7760452032089233
Ses02F_script02_1_M005,1,0.031757891178131104,0.8456624746322632,0.09076162427663803,0.03181803598999977,neutral,0.847641110420227
Ses02F_script02_1_M006,1,0.10405243188142776,0.40814340114593506,0.3212234675884247,0.1665806770324707,negative,0.8866990804672241
Ses02F_script02_1_M009,1,0.026511752977967262,0.7947334051132202,0.15142256021499634,0.027332309633493423,neutral,0.7250736355781555
Ses02F_script02_1_M010,2,0.026360033079981804,0.21228204667568207,0.7090780138969421,0.05227988585829735,neutral,0.8717060089111328
Ses02F_script02_1_M012,2,0.02399633638560772,0.14671380817890167,0.7573306560516357,0.07195912301540375,neutral,0.9021017551422119
Ses02F_script02_1_M013,2,0.038047801703214645,0.4572295844554901,0.4767512381076813,0.02797132544219494,negative,0.6094747185707092
Ses02F_script02_1_M014,2,0.0406196229159832,0.25840267539024353,0.4128588140010834,0.2881188690662384,positive,0.8957552313804626
Ses02F_script02_1_M015,1,0.036769118160009384,0.8726478815078735,0.05842670798301697,0.0321563296020031,positive,0.7996230721473694
Ses02F_script02_1_M016,2,0.0901186391711235,0.2460768073797226,0.443666934967041,0.2201376110315323,neutral,0.8093708753585815
Ses02F_script02_1_M017,2,0.04664662852883339,0.13389091193675995,0.788715660572052,0.03074684552848339,neutral,0.7658399343490601
Ses02F_script02_1_M019,2,0.05927092209458351,0.10634370893239975,0.8000925779342651,0.03429277613759041,neutral,0.5905367732048035
Ses02F_script02_1_M020,2,0.05502332001924515,0.15538395941257477,0.7610457539558411,0.028546974062919617,neutral,0.6991611123085022
Ses02F_script02_1_M021,2,0.06632991135120392,0.19116725027561188,0.6515442132949829,0.09095870703458786,negative,0.6957715749740601
Ses02F_script02_1_M024,1,0.15156438946723938,0.7098312377929688,0.11706355214118958,0.021540826186537743,positive,0.9200038313865662
Ses02F_script02_1_M025,1,0.08325862139463425,0.7277390956878662,0.1305830478668213,0.05841919779777527,neutral,0.6443777084350586
Ses02F_script02_1_M026,0,0.672379195690155,0.24056577682495117,0.06791316717863083,0.019141919910907745,neutral,0.5833045840263367
Ses02F_script02_1_M028,1,0.09708977490663528,0.7129487991333008,0.15238863229751587,0.03757281228899956,negative,0.5817362666130066
Ses02F_script02_1_M031,1,0.4416709542274475,0.45979568362236023,0.06197230517864227,0.0365610271692276,neutral,0.5187769532203674
Ses02F_script02_1_M033,2,0.30596330761909485,0.3058684766292572,0.36220869421958923,0.025959547609090805,negative,0.7609050869941711
Ses02F_script02_1_M035,2,0.052675068378448486,0.13875316083431244,0.7698010802268982,0.0387706495821476,neutral,0.5153207778930664
Ses02F_script02_1_M036,1,0.15229950845241547,0.6063258647918701,0.17313311994075775,0.06824158877134323,positive,0.8037739992141724
Ses02F_script02_1_M039,1,0.1155429482460022,0.6469302177429199,0.1464928686618805,0.09103398770093918,neutral,0.6454665660858154
Ses02F_script02_1_M040,1,0.06428450345993042,0.4075322151184082,0.3327776789665222,0.19540557265281677,negative,0.7885453104972839
Ses02F_script02_1_M041,1,0.20292668044567108,0.6258106231689453,0.12237272411584854,0.04888998717069626,neutral,0.5900155901908875
Ses02F_script02_1_M042,2,0.03323742747306824,0.3481817841529846,0.5161961317062378,0.10238467156887054,neutral,0.4394380450248718
Ses02F_script02_1_M043,2,0.031847503036260605,0.09686457365751266,0.8294305205345154,0.04185745120048523,neutral,0.8691480159759521
Ses02F_script02_1_M044,2,0.035638656467199326,0.10471555590629578,0.820602297782898,0.03904348611831665,neutral,0.7183625102043152
Ses02M_script02_1_M000,2,0.1568654328584671,0.13498054444789886,0.6367596387863159,0.07139438390731812,neutral,0.962068498134613
Ses02M_script02_1_M001,1,0.2123817801475525,0.7260217666625977,0.03394894301891327,0.027647532522678375,positive,0.9747211337089539
Ses02M_script02_1_M003,2,0.04630539193749428,0.16112591326236725,0.7614712715148926,0.03109745867550373,neutral,0.7182558178901672
Ses02M_script02_1_M004,1,0.03079378232359886,0.8040348291397095,0.13875655829906464,0.026414813473820686,negative,0.6042507290840149
Ses02M_script02_1_M005,1,0.04914103075861931,0.8765061497688293,0.04714866727590561,0.02720416896045208,neutral,0.74351966381073
Ses02M_script02_1_M006,0,0.4801753759384155,0.32089951634407043,0.08851142972707748,0.11041365563869476,negative,0.795803964138031
Ses02M_script02_1_M013,2,0.03896460682153702,0.260586142539978,0.6645394563674927,0.0359097458422184,neutral,0.4982936382293701
Ses02M_script02_1_M014,1,0.14184539020061493,0.7555431723594666,0.08088193088769913,0.021729489788413048,neutral,0.43527349829673767
Ses02M_script02_1_M015,1,0.07157214730978012,0.8643941283226013,0.03783738240599632,0.02619626373052597,neutral,0.5603175759315491
Ses02M_script02_1_M016,1,0.0841330885887146,0.8411004543304443,0.04567922279238701,0.02908727154135704,neutral,0.8383188247680664
Ses02M_script02_1_M023,0,0.6057581305503845,0.2179531455039978,0.14267157018184662,0.033617112785577774,neutral,0.6756570935249329
Ses02M_script02_1_M024,0,0.8101817965507507,0.14628930389881134,0.02687360718846321,0.016655301675200462,positive,0.8769766688346863
Ses02M_script02_1_M025,1,0.31809040904045105,0.6034871339797974,0.05100101977586746,0.027421429753303528,neutral,0.47619515657424927
Ses02M_script02_1_M026,0,0.8235682249069214,0.13753274083137512,0.0254497267305851,0.013449318706989288,neutral,0.7309423685073853
Ses02M_script02_1_M028,0,0.4968741536140442,0.4416831433773041,0.03935287520289421,0.022089846432209015,negative,0.5319918990135193
Ses02M_script02_1_M029,0,0.6642562747001648,0.2827647924423218,0.028979912400245667,0.023998988792300224,neutral,0.6456051468849182
Ses02M_script02_1_M035,1,0.05635858699679375,0.5818823575973511,0.3384736180305481,0.02328537404537201,neutral,0.7631232738494873
Ses02M_script02_1_M036,1,0.19557103514671326,0.7080662250518799,0.07586602866649628,0.020496726036071777,positive,0.8986547589302063
Ses02M_script02_1_M037,1,0.294795960187912,0.511823832988739,0.1516067087650299,0.04177349805831909,neutral,0.7448782920837402
Ses02M_script02_1_M038,1,0.25108832120895386,0.469833642244339,0.18480506539344788,0.09427300095558167,negative,0.7769472599029541
Ses02M_script02_1_M039,0,0.4677225649356842,0.23509612679481506,0.17926055192947388,0.11792075634002686,neutral,0.6593485474586487
Ses02M_script02_1_M040,1,0.16598756611347198,0.7534894347190857,0.046741604804992676,0.033781349658966064,negative,0.695166826248169
Ses02M_script02_1_M041,0,0.6989918947219849,0.20481255650520325,0.05762671306729317,0.038568802177906036,negative,0.5772860050201416
Ses02M_script02_1_M042,1,0.1724788099527359,0.7670510411262512,0.03969019651412964,0.020780017599463463,negative,0.46394893527030945
Ses02F_script01_1_M011,2,0.11931862682104111,0.32839834690093994,0.4420391917228699,0.11024382710456848,negative,0.7518484592437744
Ses02F_script01_1_M013,0,0.535426914691925,0.3825543522834778,0.05749720707535744,0.024521520361304283,negative,0.8794622421264648
Ses02F_script01_1_M017,2,0.023937104269862175,0.08471830934286118,0.8340517282485962,0.057292837649583817,neutral,0.8178170323371887
Ses02F_script01_1_M021,0,0.669984757900238,0.24504230916500092,0.06981031596660614,0.015162558294832706,neutral,0.5589097142219543
Ses02F_script01_1_M023,0,0.7556559443473816,0.14665594696998596,0.07970526069402695,0.017982805147767067,neutral,0.7687947750091553
Ses02F_script01_1_M025,0,0.9257621169090271,0.03329802304506302,0.02484176866710186,0.016098083928227425,neutral,0.704101026058197
Ses02F_script01_1_M027,2,0.028576651588082314,0.10426456481218338,0.7490675449371338,0.11809132993221283,neutral,0.5569100975990295
Ses02F_script01_1_M029,2,0.029449256137013435,0.08281120657920837,0.6961051225662231,0.1916344314813614,neutral,0.7020324468612671
Ses02F_script01_1_M036,0,0.7589184641838074,0.18296699225902557,0.042297594249248505,0.015816915780305862,negative,0.8766148686408997
Ses02F_script01_1_M037,0,0.8817639946937561,0.08422193676233292,0.019391991198062897,0.01462204847484827,negative,0.8689436316490173
Ses02F_script01_1_M038,1,0.11116287857294083,0.8122089505195618,0.05188298597931862,0.02474508434534073,positive,0.8617574572563171
Ses02F_script01_1_M040,2,0.029139922931790352,0.07231313735246658,0.8353469371795654,0.06320000439882278,positive,0.8229241967201233
Ses02F_script01_1_M043,2,0.029461214318871498,0.07224730402231216,0.8013400435447693,0.096951425075531,neutral,0.6949218511581421
Ses02F_script01_1_M044,2,0.026167239993810654,0.07338489592075348,0.8400511741638184,0.060396645218133926,neutral,0.5585309863090515
Ses02F_impro06_M000,2,0.020780574530363083,0.08647973090410233,0.8267325758934021,0.06600720435380936,neutral,0.7594024538993835
Ses02F_impro06_M001,3,0.01601502113044262,0.05890166386961937,0.08511524647474289,0.8399680256843567,negative,0.8984612822532654
Ses02F_impro06_M002,3,0.014362110756337643,0.06651729345321655,0.4406413733959198,0.47847917675971985,neutral,0.8939403891563416
Ses02F_impro06_M003,2,0.020420268177986145,0.07948102802038193,0.8285399079322815,0.07155884802341461,neutral,0.4534934163093567
Ses02F_impro06_M004,3,0.018249526619911194,0.07679244875907898,0.07669227570295334,0.8282657265663147,neutral,0.5751250386238098
Ses02F_impro06_M005,3,0.015101020224392414,0.07529576122760773,0.12234242260456085,0.7872608304023743,positive,0.760722279548645
Ses02F_impro06_M006,3,0.014541370794177055,0.06354690343141556,0.2794854938983917,0.6424262523651123,neutral,0.6643185615539551
Ses02F_impro06_M007,3,0.015515669248998165,0.0682845264673233,0.13976959884166718,0.7764302492141724,positive,0.9019840955734253
Ses02F_impro06_M008,3,0.014473140239715576,0.055967070162296295,0.17485281825065613,0.7547069787979126,neutral,0.707567572593689
Ses02F_impro06_M009,3,0.01474396325647831,0.09249033033847809,0.12497831135988235,0.7677873969078064,neutral,0.3943122625350952
Ses02F_impro06_M010,3,0.01831597276031971,0.0763961672782898,0.07499131560325623,0.830296516418457,negative,0.7967190146446228
Ses02F_impro06_M011,3,0.021861089393496513,0.17524099349975586,0.1015981063246727,0.701299786567688,neutral,0.5464586615562439
Ses02F_impro06_M012,3,0.01564256101846695,0.07028486579656601,0.10953754931688309,0.8045349717140198,neutral,0.47069305181503296
Ses02F_impro06_M013,3,0.016363192349672318,0.06949920952320099,0.0985608845949173,0.8155766725540161,positive,0.9641856551170349
Ses02F_impro06_M014,3,0.015036897733807564,0.0665569081902504,0.24055354297161102,0.6778527498245239,neutral,0.5988504886627197
Ses02F_impro06_M015,3,0.015494806692004204,0.07119440287351608,0.09904991090297699,0.8142608404159546,neutral,0.7654885649681091
Ses02F_impro06_M016,2,0.019842786714434624,0.07768835127353668,0.7902735471725464,0.11219531297683716,positive,0.5037181973457336
Ses02F_impro06_M017,3,0.016161950305104256,0.092898890376091,0.2086595892906189,0.6822795271873474,negative,0.6100566387176514
Ses02F_impro06_M018,3,0.01497563999146223,0.060819827020168304,0.1059093177318573,0.8182951807975769,positive,0.4954938590526581
Ses02F_impro06_M019,3,0.015125253237783909,0.05795251205563545,0.13898123800754547,0.787941038608551,positive,0.8438376784324646
Ses02F_impro01_M000,1,0.02187134325504303,0.5028319954872131,0.43861013650894165,0.0366864949464798,neutral,0.8702113628387451
Ses02F_impro01_M001,2,0.017248911783099174,0.06437931954860687,0.6450992226600647,0.2732725739479065,neutral,0.8300414681434631
Ses02F_impro01_M002,2,0.025328723713755608,0.0953153520822525,0.8088717460632324,0.07048417627811432,neutral,0.58635014295578
Ses02F_impro01_M004,2,0.032464031130075455,0.10308307409286499,0.8202309012413025,0.044221993535757065,negative,0.5316195487976074
Ses02F_impro01_M017,2,0.08860474079847336,0.2037174552679062,0.6644370555877686,0.043240807950496674,neutral,0.8353139162063599
Ses02F_impro01_M019,0,0.5587594509124756,0.378488153219223,0.048072341829538345,0.014680061489343643,neutral,0.790686845779419
Ses02F_impro08_M003,2,0.035108860582113266,0.09249954670667648,0.8309652805328369,0.04142637550830841,neutral,0.5234014987945557
Ses02F_impro08_M005,2,0.01874859444797039,0.16200031340122223,0.73818039894104,0.08107075840234756,neutral,0.5548645257949829
Ses02F_impro08_M006,1,0.03454454988241196,0.8761343359947205,0.060181874781847,0.029139218851923943,positive,0.6799378991127014
Ses02F_impro08_M007,1,0.02337060309946537,0.688652515411377,0.24429652094841003,0.043680377304553986,negative,0.8943761587142944
Ses02F_impro08_M008,2,0.022945068776607513,0.10552753508090973,0.8085242509841919,0.06300316751003265,neutral,0.7599032521247864
Ses02F_impro08_M009,2,0.02084442414343357,0.34459033608436584,0.5700810551643372,0.06448415666818619,neutral,0.7423088550567627
Ses02F_impro08_M010,1,0.02756500244140625,0.8435466289520264,0.0990961492061615,0.029792148619890213,neutral,0.8307282328605652
Ses02F_impro08_M011,2,0.03716752678155899,0.15419496595859528,0.7760159969329834,0.03262151777744293,neutral,0.8730891346931458
Ses02F_impro08_M012,2,0.024244459345936775,0.21278123557567596,0.7234787344932556,0.03949558734893799,neutral,0.7854848504066467
Ses02F_impro08_M013,2,0.02442733570933342,0.2331741750240326,0.705895721912384,0.03650273010134697,positive,0.8006855249404907
Ses02F_impro08_M015,1,0.023267745971679688,0.7838889360427856,0.1565908044576645,0.036252498626708984,neutral,0.839059591293335
Ses02F_impro08_M016,2,0.02131820097565651,0.07699479907751083,0.8067588806152344,0.09492813795804977,neutral,0.7778186202049255
Ses02F_impro08_M018,2,0.023104215040802956,0.08703871816396713,0.8266904354095459,0.063166543841362,neutral,0.8705464005470276
Ses02F_impro08_M019,2,0.01910579204559326,0.10697266459465027,0.7991630434989929,0.07475844025611877,neutral,0.6667680740356445
Ses02M_impro07_M002,1,0.14700987935066223,0.7767651081085205,0.059245456010103226,0.016979528591036797,neutral,0.7723820209503174
Ses02M_impro07_M006,0,0.929515540599823,0.03408432751893997,0.021691875532269478,0.014708261936903,positive,0.9255377650260925
Ses02M_impro07_M007,1,0.03351964056491852,0.8776054978370667,0.058480896055698395,0.03039393201470375,neutral,0.49943023920059204
Ses02M_impro07_M008,1,0.0314670093357563,0.8266444802284241,0.10905374586582184,0.03283479064702988,neutral,0.7348129749298096
Ses02M_impro07_M009,1,0.02733944170176983,0.8021177649497986,0.1383284330368042,0.03221433609724045,neutral,0.7512305378913879
Ses02M_impro07_M010,2,0.02718104049563408,0.1429765671491623,0.7920294404029846,0.03781299665570259,negative,0.7615335583686829
Ses02M_impro07_M011,1,0.04198234900832176,0.8814835548400879,0.05085374414920807,0.025680402293801308,positive,0.933225691318512
Ses02M_impro07_M013,0,0.5511718988418579,0.3079112470149994,0.12225039303302765,0.018666543066501617,neutral,0.8483635783195496
Ses02M_impro07_M014,1,0.25041288137435913,0.6924020648002625,0.03538697957992554,0.02179810032248497,neutral,0.6118209362030029
Ses02M_impro07_M015,1,0.03720574080944061,0.8800379633903503,0.05459345877170563,0.028162796050310135,negative,0.842697262763977
Ses02M_impro07_M017,1,0.03942115977406502,0.873336911201477,0.06482849270105362,0.02241341397166252,neutral,0.7982696890830994
Ses02M_impro07_M018,1,0.12998194992542267,0.8100076913833618,0.03649626672267914,0.023514144122600555,neutral,0.7010357975959778
Ses02M_impro07_M019,1,0.03881596028804779,0.8806174993515015,0.0513802133500576,0.029186375439167023,neutral,0.7730572819709778
Ses02M_impro07_M020,1,0.03531365469098091,0.8615114092826843,0.08031453937292099,0.022860398516058922,neutral,0.7723574042320251
Ses02M_impro07_M021,1,0.03353806212544441,0.8715618252754211,0.06617779284715652,0.02872234396636486,positive,0.4984075725078583
Ses02M_impro07_M022,1,0.038491297513246536,0.6936697959899902,0.24662022292613983,0.021218642592430115,neutral,0.7767859697341919
Ses02M_impro07_M023,1,0.034485671669244766,0.8111210465431213,0.12781040370464325,0.02658284828066826,neutral,0.8722808361053467
Ses02M_impro07_M024,1,0.027256807312369347,0.7333974838256836,0.21445465087890625,0.024891024455428123,neutral,0.837430477142334
Ses02M_impro07_M025,1,0.03497965261340141,0.8503058552742004,0.09219185262918472,0.02252267673611641,positive,0.9598933458328247
Ses02M_impro07_M026,1,0.04955674335360527,0.8739349842071533,0.05026733875274658,0.02624095045030117,positive,0.6861879229545593
Ses02M_impro07_M029,1,0.032326482236385345,0.8722937107086182,0.06771811097860336,0.027661742642521858,neutral,0.7290722131729126
Ses02M_impro07_M030,1,0.029341373592615128,0.8502534031867981,0.09396485239267349,0.026440348476171494,positive,0.5370533466339111
Ses02M_impro07_M031,1,0.02612702175974846,0.8307787179946899,0.11452767997980118,0.028566621243953705,neutral,0.6416909098625183
Ses02M_impro07_M032,1,0.03901347517967224,0.8788065314292908,0.0494406595826149,0.032739341259002686,neutral,0.8199034929275513
Ses02M_script03_1_M005,1,0.042417705059051514,0.6224245429039001,0.31268277764320374,0.02247498743236065,neutral,0.6045275926589966
Ses02M_script03_1_M007,1,0.04593028500676155,0.6998351216316223,0.23495540022850037,0.01927921548485756,positive,0.9388471841812134
Ses02M_script03_1_M008,1,0.32633838057518005,0.5938606262207031,0.056883711367845535,0.02291729301214218,negative,0.4823479652404785
Ses02M_script03_1_M009,2,0.042184457182884216,0.09667263180017471,0.8224039077758789,0.03873896226286888,negative,0.7493458390235901
Ses02M_script03_1_M010,0,0.5699576735496521,0.33218199014663696,0.06260133534669876,0.03525903820991516,positive,0.5336472988128662
Ses02M_script03_1_M011,0,0.6239573359489441,0.329026997089386,0.027098093181848526,0.01991758681833744,neutral,0.5093225240707397
Ses02M_script03_1_M012,0,0.880232036113739,0.08056994527578354,0.025246575474739075,0.01395141426473856,negative,0.5553440451622009
Ses02M_script03_1_M014,1,0.3216715157032013,0.5477317571640015,0.11097948253154755,0.019617222249507904,neutral,0.6296910643577576
Ses02M_script03_1_M015,0,0.7321237921714783,0.10771146416664124,0.13824348151683807,0.021921291947364807,positive,0.7782687544822693
Ses02M_script03_1_M016,2,0.03303307294845581,0.08385905623435974,0.6859517097473145,0.19715616106987,neutral,0.7188210487365723
Ses02M_script03_1_M018,0,0.8182358741760254,0.08595439046621323,0.07728583365678787,0.018523849546909332,positive,0.8526403903961182
Ses02M_script03_1_M019,0,0.7489955425262451,0.2095128893852234,0.023981848731637,0.017509700730443,negative,0.8705933094024658
Ses02M_script03_1_M020,1,0.20077219605445862,0.4971150755882263,0.2621164619922638,0.03999623283743858,neutral,0.5898140668869019
Ses02M_script03_1_M021,1,0.24983957409858704,0.6888269782066345,0.035915620625019073,0.02541779726743698,negative,0.4342953860759735
Ses02M_script03_1_M022,0,0.6181908249855042,0.3302071988582611,0.034962039440870285,0.01663997396826744,neutral,0.47369953989982605
Ses02M_script03_1_M024,2,0.0438772477209568,0.08434461802244186,0.711998701095581,0.1597794145345688,negative,0.8747169971466064
Ses02M_script03_1_M029,1,0.03866603970527649,0.8802355527877808,0.051830634474754333,0.02926778979599476,neutral,0.7042623162269592
Ses02M_script03_1_M031,1,0.13078761100769043,0.8112998008728027,0.036370858550071716,0.02154168114066124,positive,0.7007103562355042
Ses02F_impro02_M007,3,0.024743806570768356,0.16158081591129303,0.09659380465745926,0.7170815467834473,neutral,0.8318662047386169
Ses02F_impro02_M012,2,0.016828035935759544,0.06053208187222481,0.5947094559669495,0.32793036103248596,neutral,0.5155751705169678
Ses02F_impro05_M000,2,0.02012079581618309,0.09233329445123672,0.8208556771278381,0.06669030338525772,neutral,0.6843693852424622
Ses02F_impro05_M001,2,0.019305113703012466,0.11395115405321121,0.792990505695343,0.07375327497720718,negative,0.6603142023086548
Ses02F_impro05_M002,2,0.024711472913622856,0.10671186447143555,0.7843318581581116,0.08424476534128189,neutral,0.6309618949890137
Ses02F_impro05_M003,2,0.02267865464091301,0.3560946583747864,0.5326126217842102,0.08861411362886429,neutral,0.8258106112480164
Ses02F_impro05_M004,2,0.022908587008714676,0.2678687572479248,0.6385305523872375,0.07069219648838043,neutral,0.5020408630371094
Ses02F_impro05_M005,2,0.02769533172249794,0.0717906802892685,0.8149787187576294,0.08553524315357208,positive,0.5310633182525635
Ses02F_impro05_M006,2,0.018630122765898705,0.35884374380111694,0.4835435748100281,0.13898251950740814,negative,0.6707503795623779
Ses02F_impro05_M007,2,0.023358816280961037,0.1292300522327423,0.7490809559822083,0.09833019226789474,neutral,0.8886736035346985
Ses02F_impro05_M008,1,0.02597130462527275,0.6039925813674927,0.3322957456111908,0.037740323692560196,neutral,0.7841683626174927
Ses02F_impro05_M009,2,0.023503882810473442,0.3598249554634094,0.5784690380096436,0.03820212185382843,negative,0.8439565896987915
Ses02F_impro05_M010,2,0.08999791741371155,0.25721457600593567,0.5978107452392578,0.054976820945739746,neutral,0.5150439143180847
Ses02F_impro05_M011,2,0.03220513090491295,0.37812545895576477,0.5430986881256104,0.04657073691487312,neutral,0.8314573168754578
Ses02F_impro05_M012,1,0.024699103087186813,0.4507245123386383,0.4446161389350891,0.07996025681495667,neutral,0.670012354850769
Ses02F_impro05_M013,2,0.027731016278266907,0.1260984241962433,0.7937829494476318,0.052387576550245285,neutral,0.9083974361419678
Ses02F_impro05_M014,1,0.025295134633779526,0.6831957697868347,0.2607095241546631,0.030799565836787224,neutral,0.8864713907241821
Ses02F_impro05_M015,2,0.029550882056355476,0.1910930573940277,0.7397226095199585,0.039633456617593765,neutral,0.5742763876914978
Ses02F_impro05_M016,2,0.0327947773039341,0.44257742166519165,0.4638097584247589,0.06081803888082504,neutral,0.843852162361145
Ses02F_impro05_M017,1,0.04773164540529251,0.5274465680122375,0.4009384512901306,0.02388332039117813,negative,0.7809315919876099
Ses02F_impro05_M018,1,0.0479113794863224,0.8232564926147461,0.10973832756280899,0.019093796610832214,neutral,0.7361694574356079
Ses02F_impro05_M019,1,0.02616904303431511,0.6263857483863831,0.30789127945899963,0.039553869515657425,neutral,0.9292680621147156
Ses02F_impro05_M020,2,0.022953156381845474,0.316489577293396,0.6098996996879578,0.05065754055976868,neutral,0.7401928901672363
Ses02F_impro05_M021,2,0.02162790670990944,0.09153007715940475,0.817375123500824,0.06946687400341034,neutral,0.5241753458976746
Ses02M_script01_3_M000,2,0.022075984627008438,0.15763215720653534,0.7704798579216003,0.04981197789311409,neutral,0.7555634379386902
Ses02M_script01_3_M010,3,0.11316917091608047,0.2546190321445465,0.13935919106006622,0.49285250902175903,negative,0.5499162077903748
Ses02M_script01_3_M014,2,0.09044910222291946,0.35017839074134827,0.41214117407798767,0.14723128080368042,neutral,0.7963794469833374
Ses02M_script01_3_M015,0,0.5568400621414185,0.18787091970443726,0.2256256639957428,0.029663387686014175,negative,0.5932599902153015
Ses02M_script01_3_M020,3,0.04583920165896416,0.12195216119289398,0.34260520339012146,0.4896034598350525,neutral,0.8054623603820801
Ses02M_script01_3_M021,3,0.015766652300953865,0.060492195188999176,0.09532991051673889,0.8284112811088562,neutral,0.5464011430740356
Ses02M_script01_3_M022,3,0.017366375774145126,0.06479299813508987,0.4023505449295044,0.5154900550842285,neutral,0.8550227880477905
Ses02M_script01_3_M025,3,0.016774341464042664,0.055820364505052567,0.3163459599018097,0.611059308052063,neutral,0.5388494729995728
Ses02M_script01_3_M026,3,0.015851682052016258,0.06182240694761276,0.13101635873317719,0.7913095951080322,neutral,0.6785151362419128
Ses02M_script01_3_M027,3,0.023839330300688744,0.08740408718585968,0.07687562704086304,0.8118810057640076,neutral,0.49731630086898804
Ses02M_script01_3_M028,3,0.03147902712225914,0.1166745275259018,0.08808787167072296,0.7637585997581482,neutral,0.7580747604370117
Ses02M_script01_3_M029,3,0.08509378135204315,0.22165818512439728,0.18180818855762482,0.5114398002624512,negative,0.8031539916992188
Ses02M_script01_3_M030,3,0.02195391058921814,0.07996115833520889,0.08106225728988647,0.8170226812362671,neutral,0.6643638014793396
Ses02M_script01_3_M031,3,0.06584025174379349,0.1674962192773819,0.1166730672121048,0.6499904990196228,positive,0.4971228539943695
Ses02M_script01_3_M032,3,0.026285165920853615,0.10453952103853226,0.060822743922472,0.808352530002594,negative,0.736094057559967
Ses02M_script01_3_M033,3,0.03149471431970596,0.11288614571094513,0.06815368682146072,0.787465512752533,negative,0.8651086091995239
Ses02M_script01_3_M034,3,0.02442792057991028,0.08416756987571716,0.12333856523036957,0.768065869808197,positive,0.49363940954208374
Ses02M_script01_3_M035,3,0.017752820625901222,0.06887399405241013,0.07766307890415192,0.8357101678848267,negative,0.8983931541442871
Ses02M_script01_3_M036,3,0.015819869935512543,0.06320948898792267,0.09196771681308746,0.8290029764175415,neutral,0.672698974609375
Ses02M_impro04_M014,2,0.018327169120311737,0.41651731729507446,0.43153682351112366,0.13361875712871552,negative,0.7920984625816345
Ses02M_impro04_M019,2,0.03909185901284218,0.11845875531435013,0.8018991947174072,0.040550194680690765,negative,0.5015522241592407
Ses02M_impro04_M022,3,0.01453611720353365,0.05528690293431282,0.19235065579414368,0.7378263473510742,neutral,0.6049768924713135
Ses02M_impro03_M000,1,0.03604976460337639,0.878875732421875,0.05418989807367325,0.03088454157114029,neutral,0.45808088779449463
Ses02M_impro03_M001,1,0.041140321642160416,0.8729506731033325,0.06415649503469467,0.02175251580774784,positive,0.697259783744812
Ses02M_impro03_M005,1,0.05733553320169449,0.8752267956733704,0.041762109845876694,0.025675559416413307,positive,0.833362877368927
Ses02M_impro03_M008,1,0.04344087466597557,0.8814971446990967,0.046029504388570786,0.02903243713080883,positive,0.7621241807937622
Ses02M_impro03_M009,1,0.03491635620594025,0.8779683113098145,0.05891817808151245,0.028197159990668297,neutral,0.7053727507591248
Ses02M_impro03_M010,1,0.03633864223957062,0.8783852458000183,0.05624664947390556,0.029029468074440956,neutral,0.8668894171714783
Ses02M_impro03_M011,2,0.024518925696611404,0.28398650884628296,0.6526051759719849,0.03888940438628197,neutral,0.9068370461463928
Ses02M_impro03_M012,1,0.03494218364357948,0.714959979057312,0.2290748804807663,0.02102298103272915,neutral,0.7337825298309326
Ses02M_impro03_M014,1,0.024404803290963173,0.6698372960090637,0.277596116065979,0.028161758556962013,neutral,0.7718011736869812
Ses02M_impro03_M015,2,0.10996373742818832,0.2395177185535431,0.6263114213943481,0.024207105860114098,neutral,0.5097746253013611
Ses02M_impro03_M016,1,0.040794868022203445,0.8777275681495667,0.0557490736246109,0.025728534907102585,positive,0.7851082682609558
Ses02M_impro03_M017,1,0.05784529820084572,0.7701130509376526,0.15329359471797943,0.018748097121715546,neutral,0.7420632243156433
Ses02M_impro03_M018,2,0.044537805020809174,0.35236242413520813,0.5783825516700745,0.024717213585972786,positive,0.6073862314224243
Ses02M_impro03_M019,1,0.03836655616760254,0.8773409128189087,0.054449714720249176,0.02984280325472355,positive,0.4012986123561859
Ses02M_impro03_M020,1,0.03400101140141487,0.8752033710479736,0.06053417548537254,0.030261525884270668,neutral,0.5258039832115173
Ses02M_impro03_M021,1,0.034187544137239456,0.8765254616737366,0.059492163360118866,0.029794836416840553,positive,0.9495671391487122
Ses02M_impro03_M024,1,0.041760995984077454,0.8682180047035217,0.06776946783065796,0.022251470014452934,neutral,0.7723506689071655
Ses02M_impro03_M026,1,0.04596783593297005,0.87848299741745,0.04414386302232742,0.03140530735254288,neutral,0.5720388889312744
Ses02M_impro03_M027,1,0.03259911760687828,0.8746235370635986,0.06202693656086922,0.030750377103686333,neutral,0.5197057723999023
Ses02M_impro03_M028,2,0.021498175337910652,0.2848345935344696,0.6491599082946777,0.04450730234384537,neutral,0.6850515604019165
Ses02M_impro03_M030,1,0.037041403353214264,0.8788831233978271,0.05134183168411255,0.03273361176252365,neutral,0.8522961139678955
Ses02M_impro03_M031,2,0.03208285942673683,0.09670655429363251,0.8279873132705688,0.04322323948144913,neutral,0.5697510242462158
Ses02M_script03_2_M000,2,0.06863635033369064,0.20113760232925415,0.6906974911689758,0.03952861204743385,neutral,0.5836271643638611
Ses02M_script03_2_M001,0,0.9222092628479004,0.04418637976050377,0.01941494084894657,0.014189463108778,negative,0.5567895174026489
Ses02M_script03_2_M003,0,0.9195506572723389,0.034778330475091934,0.02795128896832466,0.01771979033946991,negative,0.8679338693618774
Ses02M_script03_2_M005,0,0.928484320640564,0.030740784481167793,0.02399442531168461,0.016780473291873932,neutral,0.8250566720962524
Ses02M_script03_2_M007,0,0.9384927749633789,0.024824760854244232,0.01938377134501934,0.017298623919487,neutral,0.808459460735321
Ses02M_script03_2_M010,2,0.027838174253702164,0.07689095288515091,0.8411412835121155,0.05412953719496727,neutral,0.8250696659088135
Ses02M_script03_2_M011,2,0.06492113322019577,0.09373660385608673,0.7589566707611084,0.0823855772614479,neutral,0.5705502033233643
Ses02M_script03_2_M012,2,0.29248571395874023,0.19318079948425293,0.4527493119239807,0.061584219336509705,neutral,0.4669250249862671
Ses02M_script03_2_M016,0,0.8934043049812317,0.03910604864358902,0.04544588923454285,0.022043727338314056,neutral,0.7367666363716125
Ses02M_script03_2_M018,2,0.0746203064918518,0.13205179572105408,0.7560215592384338,0.03730641305446625,positive,0.7124434113502502
Ses02M_script03_2_M024,2,0.04849221184849739,0.0661182552576065,0.7848562598228455,0.10053328424692154,neutral,0.8591958284378052
Ses02M_script03_2_M026,1,0.23230275511741638,0.7082123160362244,0.03666745126247406,0.022817473858594894,negative,0.9271615147590637
Ses02M_script03_2_M027,0,0.9245529174804688,0.042433395981788635,0.018733471632003784,0.014280164614319801,negative,0.4424537122249603
Ses02M_script03_2_M031,0,0.8719781041145325,0.09515552967786789,0.019460070878267288,0.013406271114945412,neutral,0.7007578015327454
Ses02M_script03_2_M032,2,0.050136249512434006,0.23874840140342712,0.6827661991119385,0.02834920771420002,positive,0.6323745846748352
Ses02M_script03_2_M033,2,0.08619228005409241,0.08858615905046463,0.7495657205581665,0.07565581798553467,negative,0.6562389731407166
Ses02M_script03_2_M039,0,0.9371802806854248,0.021488383412361145,0.021958954632282257,0.019372379407286644,neutral,0.6948165893554688
Ses02M_script03_2_M040,0,0.936684787273407,0.028906527906656265,0.018425779417157173,0.015982845798134804,neutral,0.8390291333198547
Ses02M_script03_2_M041,0,0.9272969961166382,0.0354168601334095,0.022362951189279556,0.014923128299415112,positive,0.903289258480072
Ses02M_script03_2_M042,0,0.9385364651679993,0.022293049842119217,0.020739737898111343,0.0184308048337698,negative,0.9546128511428833
Ses02M_script03_2_M043,0,0.830177903175354,0.09301741421222687,0.060622673481702805,0.016182037070393562,negative,0.6740561127662659
Ses02M_script03_2_M044,0,0.7615566253662109,0.12952856719493866,0.09162338823080063,0.01729138381779194,neutral,0.7954647541046143
Ses02M_script03_2_M045,0,0.9058020114898682,0.024983031675219536,0.04416562616825104,0.02504926174879074,neutral,0.8354657888412476
Ses02M_script03_2_M046,0,0.9202746152877808,0.028014136478304863,0.032376185059547424,0.019334997981786728,negative,0.578368067741394
Ses02M_script03_2_M047,0,0.9366002678871155,0.022633060812950134,0.022142305970191956,0.018624406307935715,negative,0.8561406135559082
Ses02M_script02_2_M000,2,0.0416758731007576,0.16972461342811584,0.7584555149078369,0.030144045129418373,neutral,0.7039288282394409
Ses02M_script02_2_M001,2,0.03822151571512222,0.11755052953958511,0.8088898658752441,0.03533809259533882,neutral,0.7068308591842651
Ses02M_script02_2_M002,2,0.24132297933101654,0.11494331806898117,0.5929178595542908,0.05081582069396973,neutral,0.7020118832588196
Ses02M_script02_2_M010,2,0.09202476590871811,0.28869810700416565,0.5575367212295532,0.061740413308143616,neutral,0.8673534393310547
Ses02M_script02_2_M015,2,0.0344986692070961,0.2624953091144562,0.3900010287761688,0.3130049705505371,neutral,0.6649199724197388
Ses02M_script02_2_M016,2,0.14569252729415894,0.14840567111968994,0.665572464466095,0.040329307317733765,positive,0.9565916061401367
Ses02M_script02_2_M017,1,0.0320727601647377,0.6381052136421204,0.2771482467651367,0.05267368629574776,neutral,0.8470474481582642
Ses02M_script02_2_M019,2,0.18530169129371643,0.2808539867401123,0.4946233332157135,0.03922092914581299,neutral,0.8847540616989136
Ses02M_script02_2_M020,2,0.15280556678771973,0.19654208421707153,0.6012586355209351,0.049393728375434875,neutral,0.6778979897499084
Ses02M_script02_2_M021,2,0.023650089278817177,0.10584970563650131,0.7941557168960571,0.07634446024894714,neutral,0.6904171109199524
Ses02M_script02_2_M022,2,0.059210531413555145,0.09097499400377274,0.7807341814041138,0.06908026337623596,neutral,0.8168806433677673
Ses02M_script02_2_M023,2,0.03264867514371872,0.09467276185750961,0.8304383158683777,0.0422402024269104,neutral,0.8789691925048828
Ses02M_script02_2_M025,2,0.05838567018508911,0.13463327288627625,0.7721796035766602,0.03480144590139389,neutral,0.7629424333572388
Ses02M_script02_2_M029,0,0.6007022261619568,0.34808894991874695,0.027633095160126686,0.02357574924826622,positive,0.5069993734359741
Ses02M_script02_2_M035,2,0.01951099932193756,0.1754325032234192,0.7320966720581055,0.0729597955942154,negative,0.6021869778633118
Ses02M_script02_2_M037,2,0.017747610807418823,0.08692086488008499,0.6451464295387268,0.25018510222435,neutral,0.8082951903343201
Ses02M_script02_2_M038,3,0.01477265078574419,0.0639938935637474,0.15638473629951477,0.7648487091064453,positive,0.8856579065322876
Ses02M_script02_2_M040,2,0.015668509528040886,0.07042665034532547,0.5973379611968994,0.3165668845176697,neutral,0.5267293453216553
Ses02M_script02_2_M041,2,0.033753082156181335,0.11292122304439545,0.46297991275787354,0.3903457522392273,positive,0.8040042519569397
Ses02M_script02_2_M042,2,0.03751836344599724,0.07425917685031891,0.8018810153007507,0.08634144067764282,negative,0.7638304829597473
Ses02M_script02_2_M045,3,0.023104768246412277,0.1726951003074646,0.23172493278980255,0.5724751949310303,neutral,0.8626407980918884
Ses02M_script02_2_M046,2,0.026034720242023468,0.0640367865562439,0.8340836763381958,0.0758449137210846,neutral,0.5657790303230286
Ses02F_script01_2_M001,2,0.06726644933223724,0.2397797703742981,0.6654923558235168,0.02746148407459259,neutral,0.7368011474609375
Ses02F_script01_2_M002,1,0.22988677024841309,0.47836920619010925,0.24788270890712738,0.04386129602789879,neutral,0.6651190519332886
Ses02F_script01_2_M004,2,0.13040675222873688,0.3794805109500885,0.45732349157333374,0.032789334654808044,negative,0.5951688289642334
Ses02F_script01_2_M005,2,0.04310347139835358,0.1240917444229126,0.8007281422615051,0.03207665681838989,neutral,0.7467402219772339
Ses02F_script01_2_M006,2,0.034440040588378906,0.06491399556398392,0.8057748675346375,0.09487109631299973,neutral,0.7713601589202881
Ses02F_script01_2_M007,2,0.1013379842042923,0.07780230045318604,0.7350369691848755,0.0858227089047432,negative,0.6696386933326721
Ses02F_script01_2_M008,2,0.0520356185734272,0.09814692288637161,0.7757518291473389,0.07406561821699142,neutral,0.7242196798324585
Ses02F_script01_2_M016,0,0.9391661882400513,0.0238841250538826,0.01925249584019184,0.01769714429974556,neutral,0.8015635013580322
Ses02F_script01_2_M017,0,0.9350706934928894,0.029390733689069748,0.019813576713204384,0.01572500355541706,neutral,0.7856833338737488
Ses02F_script01_2_M018,0,0.9131191968917847,0.052602168172597885,0.01948993094265461,0.014788721688091755,negative,0.8988522887229919
Ses02M_impro02_M000,3,0.01636548899114132,0.07797043025493622,0.08694014698266983,0.8187238574028015,negative,0.45438772439956665
Ses02M_impro02_M001,3,0.01702462136745453,0.09390539675951004,0.2824041247367859,0.606665849685669,positive,0.6878412961959839
Ses02M_impro02_M002,2,0.02120427042245865,0.21630632877349854,0.7154815793037415,0.04700781777501106,neutral,0.5278123617172241
Ses02M_impro02_M007,2,0.022965017706155777,0.062478724867105484,0.8202787637710571,0.09427746385335922,neutral,0.7730570435523987
Ses02M_impro02_M008,3,0.01683618500828743,0.16340459883213043,0.2802468240261078,0.5395124554634094,negative,0.7206434011459351
Ses02M_impro02_M009,3,0.028013255447149277,0.25613972544670105,0.09200634062290192,0.6238406896591187,negative,0.49126580357551575
Ses02M_impro02_M013,3,0.016900859773159027,0.06676169484853745,0.1203782930970192,0.7959591746330261,neutral,0.5820521116256714
Ses02M_impro02_M014,3,0.014186575077474117,0.16596956551074982,0.31470009684562683,0.5051437616348267,positive,0.5221192240715027
Ses02M_impro02_M017,2,0.01685112714767456,0.06345302611589432,0.6631483435630798,0.25654757022857666,neutral,0.8807054162025452
Ses02M_impro02_M018,3,0.014595041051506996,0.07485032826662064,0.14487209916114807,0.7656825184822083,neutral,0.5340840816497803
Ses02M_script01_2_M001,2,0.06357096880674362,0.16994181275367737,0.7390784025192261,0.027408896014094353,neutral,0.6827070713043213
Ses02M_script01_2_M004,0,0.8412196636199951,0.10637932270765305,0.0360497385263443,0.016351226717233658,negative,0.5951688289642334
Ses02M_script01_2_M005,2,0.040146712213754654,0.13225987553596497,0.7955228686332703,0.032070547342300415,neutral,0.7467402219772339
Ses02M_script01_2_M007,2,0.13751912117004395,0.06719833612442017,0.6905113458633423,0.10477125644683838,negative,0.6696386933326721
Ses02M_script01_2_M016,0,0.9325433373451233,0.02384280040860176,0.024095311760902405,0.019518543034791946,neutral,0.8015635013580322
Ses02M_script01_2_M017,0,0.9121756553649902,0.05488082766532898,0.018618294969201088,0.014325239695608616,neutral,0.7380641102790833
Ses02M_impro05_M000,1,0.024120736867189407,0.7171085476875305,0.23019523918628693,0.028575461357831955,neutral,0.7275046110153198
Ses02M_impro05_M001,2,0.02652251347899437,0.2902434170246124,0.6343779563903809,0.04885612800717354,negative,0.7432530522346497
Ses02M_impro05_M002,2,0.021173808723688126,0.25377169251441956,0.679688572883606,0.045365940779447556,neutral,0.7716109156608582
Ses02M_impro05_M003,1,0.030860429629683495,0.7704075574874878,0.1766480803489685,0.022083936259150505,neutral,0.8590576648712158
Ses02M_impro05_M013,1,0.12827782332897186,0.7838315963745117,0.07029817998409271,0.017592409625649452,neutral,0.7945857644081116
Ses02M_impro05_M016,1,0.06688369065523148,0.8538685441017151,0.05712297931313515,0.022124791517853737,negative,0.6237351298332214
Ses02M_impro05_M018,0,0.5688503384590149,0.37596580386161804,0.035166434943675995,0.020017443224787712,neutral,0.45569825172424316
Ses02M_impro05_M025,0,0.9347016215324402,0.032812684774398804,0.017021475359797478,0.015464140102267265,negative,0.7268057465553284
Ses02M_impro05_M026,0,0.9387730956077576,0.02410423755645752,0.020052172243595123,0.01707053929567337,negative,0.7198383808135986
Ses02F_impro04_M000,1,0.02777612768113613,0.8458805680274963,0.0992332324385643,0.02711004577577114,neutral,0.928580105304718
Ses02F_impro04_M001,1,0.024809373542666435,0.6058759093284607,0.32535263895988464,0.0439620167016983,positive,0.48801830410957336
Ses02F_impro04_M003,2,0.02479841373860836,0.11177697032690048,0.7618162631988525,0.10160841792821884,neutral,0.5117899179458618
Ses02F_impro04_M004,1,0.0387045219540596,0.8115271329879761,0.09018070250749588,0.059587690979242325,positive,0.8681067824363708
Ses02F_impro04_M005,1,0.033139072358608246,0.5973652601242065,0.33788639307022095,0.03160928562283516,neutral,0.6855512261390686
Ses02F_impro04_M006,1,0.0493355467915535,0.8589985370635986,0.0655016228556633,0.02616424299776554,positive,0.6157248616218567
Ses02F_impro04_M007,1,0.03634467348456383,0.858766496181488,0.07650281488895416,0.02838592417538166,negative,0.8524086475372314
Ses02F_impro04_M008,2,0.02313602715730667,0.2906723916530609,0.5935311913490295,0.09266038984060287,negative,0.5898149013519287
Ses02F_impro04_M009,2,0.026291342452168465,0.21651841700077057,0.7199755311012268,0.03721468895673752,neutral,0.6672742962837219
Ses02F_impro04_M010,2,0.022166462615132332,0.24044494330883026,0.6736734509468079,0.06371510773897171,positive,0.570761501789093
Ses02F_impro04_M011,1,0.04211672395467758,0.6043951511383057,0.27557045221328735,0.07791763544082642,neutral,0.4811623692512512
Ses02F_impro04_M012,1,0.02749226987361908,0.8034070134162903,0.1258023977279663,0.043298304080963135,positive,0.5994526147842407
Ses02F_impro04_M013,1,0.04178733006119728,0.8449417352676392,0.0858524739742279,0.027418453246355057,negative,0.6093428730964661
Ses02F_impro04_M015,1,0.03024297021329403,0.836940586566925,0.09159081429243088,0.041225627064704895,positive,0.6608092784881592
Ses02F_impro04_M016,2,0.02639647200703621,0.09047166258096695,0.8325147032737732,0.05061710253357887,neutral,0.5905367732048035
Ses02F_impro04_M017,2,0.028062041848897934,0.09401720017194748,0.8312328457832336,0.04668792337179184,neutral,0.7923877239227295
Ses02F_impro04_M018,3,0.02546716295182705,0.17310263216495514,0.11269120126962662,0.688739001750946,neutral,0.6264644861221313
Ses02F_impro04_M019,2,0.03069208934903145,0.1470428705215454,0.784745454788208,0.03751955181360245,neutral,0.5923445224761963
Ses02F_script02_2_M000,2,0.04235036298632622,0.41895177960395813,0.5149027109146118,0.023795070126652718,neutral,0.894364595413208
Ses02F_script02_2_M001,2,0.05099116265773773,0.11503462493419647,0.7941774129867554,0.039796795696020126,neutral,0.7662032246589661
Ses02F_script02_2_M002,2,0.06458167731761932,0.11309196799993515,0.7820873856544495,0.04023895785212517,neutral,0.6933616995811462
Ses02F_script02_2_M003,0,0.39454302191734314,0.21315477788448334,0.3623456358909607,0.029956545680761337,neutral,0.6100960373878479
Ses02F_script02_2_M005,2,0.018853088840842247,0.0762353241443634,0.5968641638755798,0.30804744362831116,neutral,0.5243970155715942
Ses02F_script02_2_M007,1,0.07564730942249298,0.8034139275550842,0.08709495514631271,0.0338437519967556,neutral,0.6403142213821411
Ses02F_script02_2_M009,2,0.10602797567844391,0.15712668001651764,0.6915555596351624,0.04528975486755371,neutral,0.5537562966346741
Ses02F_script02_2_M010,2,0.042215149849653244,0.13406923413276672,0.7395039200782776,0.08421171456575394,neutral,0.8252978324890137
Ses02F_script02_2_M013,2,0.03615879639983177,0.2548271715641022,0.6620457172393799,0.04696832224726677,negative,0.7302818894386292
Ses02F_script02_2_M016,2,0.07671753317117691,0.310686320066452,0.5731654167175293,0.03943072259426117,positive,0.9448355436325073
Ses02F_script02_2_M017,2,0.024801524356007576,0.14707182347774506,0.7309472560882568,0.0971793457865715,neutral,0.7094731330871582
Ses02F_script02_2_M018,2,0.0277031809091568,0.13060179352760315,0.7999266386032104,0.041768427938222885,neutral,0.7811304926872253
Ses02F_script02_2_M019,1,0.05485447123646736,0.7635400295257568,0.14878225326538086,0.03282319754362106,neutral,0.8190567493438721
Ses02F_script02_2_M020,1,0.10556086152791977,0.5053802132606506,0.36045408248901367,0.02860482595860958,neutral,0.6315253973007202
Ses02F_script02_2_M021,1,0.04871530458331108,0.46760180592536926,0.4459990859031677,0.03768383339047432,positive,0.5770135521888733
Ses02F_script02_2_M022,2,0.06233103573322296,0.11347555369138718,0.7806610465049744,0.043532390147447586,neutral,0.7776622176170349
Ses02F_script02_2_M023,2,0.04411664232611656,0.11353752762079239,0.7989495992660522,0.043396178632974625,neutral,0.6523734331130981
Ses02F_script02_2_M029,1,0.1862957775592804,0.7417534589767456,0.043231017887592316,0.028719723224639893,neutral,0.5996161699295044
Ses02F_script02_2_M031,1,0.10698309540748596,0.7493001222610474,0.1052192896604538,0.038497477769851685,neutral,0.4348661005496979
Ses02F_script02_2_M033,2,0.08298297226428986,0.16928470134735107,0.7179458737373352,0.029786447063088417,positive,0.5927228927612305
Ses02F_script02_2_M034,2,0.13114546239376068,0.09959795325994492,0.7313352823257446,0.03792131692171097,neutral,0.5905367732048035
Ses02F_script02_2_M035,2,0.018578048795461655,0.06742163002490997,0.7539679408073425,0.16003243625164032,neutral,0.6730011701583862
Ses02F_script02_2_M036,2,0.02356158196926117,0.06545817852020264,0.7749958634376526,0.13598434627056122,positive,0.721440315246582
Ses02F_script02_2_M037,2,0.01997385360300541,0.07566159963607788,0.7410408854484558,0.16332364082336426,neutral,0.8636873364448547
Ses02F_script02_2_M038,3,0.014350254088640213,0.09444275498390198,0.42607825994491577,0.46512874960899353,negative,0.8150229454040527
Ses02F_script02_2_M041,2,0.018695931881666183,0.1097434014081955,0.661952555179596,0.20960809290409088,positive,0.5908992886543274
Ses02F_script02_2_M042,2,0.02877664566040039,0.09726414829492569,0.8193268179893494,0.054632432758808136,neutral,0.5928682684898376
Ses02F_script02_2_M043,2,0.04346811771392822,0.1120266243815422,0.8028947114944458,0.04161052405834198,negative,0.47418728470802307
Ses02F_script02_2_M045,3,0.028187155723571777,0.18033340573310852,0.33197158575057983,0.45950785279273987,neutral,0.8337596654891968
Ses02F_script02_2_M046,2,0.02782111056149006,0.07818149030208588,0.8392659425735474,0.05473145470023155,neutral,0.738778829574585
Ses02F_impro03_M001,1,0.02552548609673977,0.7859024405479431,0.1600891500711441,0.028482867404818535,neutral,0.5784384608268738
Ses02F_impro03_M004,1,0.04736657440662384,0.878969669342041,0.04397575557231903,0.02968798205256462,positive,0.6338998675346375
Ses02F_impro03_M005,0,0.9322559833526611,0.03243336081504822,0.020421115681529045,0.01488948892802,neutral,0.6852355003356934
Ses02F_impro03_M009,1,0.03928616642951965,0.8504233360290527,0.0896570160984993,0.020633555948734283,negative,0.7936456203460693
Ses02F_impro03_M010,1,0.03454068675637245,0.8775113821029663,0.0602283701300621,0.027719516307115555,positive,0.9564746618270874
Ses02F_impro03_M011,1,0.04005202651023865,0.8799728751182556,0.053810108453035355,0.026164984330534935,positive,0.7652687430381775
Ses02F_impro03_M012,1,0.03836644068360329,0.8803436756134033,0.050823550671339035,0.030466265976428986,negative,0.601760983467102
Ses02F_impro03_M013,1,0.02446690760552883,0.8413729667663574,0.09956008195877075,0.034600015729665756,neutral,0.7414180040359497
Ses02F_impro03_M014,1,0.024271773174405098,0.6058812737464905,0.33828237652778625,0.031564563512802124,neutral,0.6795192360877991
Ses02F_impro03_M015,2,0.01803693175315857,0.25349995493888855,0.6676523685455322,0.060810718685388565,neutral,0.9081243276596069
Ses02F_impro03_M016,1,0.03614135459065437,0.8798022270202637,0.05443791672587395,0.02961844764649868,neutral,0.8612897396087646
Ses02F_impro03_M017,2,0.033581122756004333,0.15514907240867615,0.7735088467597961,0.03776097297668457,positive,0.8632623553276062
Ses02F_impro03_M018,1,0.032272450625896454,0.8605586886405945,0.08095031976699829,0.026218600571155548,neutral,0.8722075819969177
Ses02F_impro03_M019,1,0.04013420641422272,0.8801882863044739,0.04721519723534584,0.032462283968925476,positive,0.9818915724754333
Ses02F_impro03_M020,1,0.022942105308175087,0.6617039442062378,0.19414184987545013,0.12121206521987915,positive,0.7197880148887634
Ses02F_impro03_M022,1,0.04554927349090576,0.880075991153717,0.04666667804121971,0.027708062902092934,positive,0.9808588624000549
Ses02F_impro03_M023,1,0.035812050104141235,0.8780418634414673,0.057812485843896866,0.028333624824881554,neutral,0.6206911206245422
Ses02F_impro03_M024,1,0.02959652617573738,0.8514992594718933,0.09291035681962967,0.02599382773041725,neutral,0.6644856929779053
Ses02F_impro03_M025,1,0.035866640508174896,0.8785790801048279,0.053150877356529236,0.03240335360169411,positive,0.8042618036270142
Ses02F_impro03_M026,1,0.028154216706752777,0.8601033091545105,0.0794852003455162,0.03225727006793022,positive,0.9295946359634399
Ses02F_script01_3_M001,2,0.03785707801580429,0.08450081199407578,0.8305903673171997,0.047051817178726196,neutral,0.6548473238945007
Ses02F_script01_3_M010,3,0.03419371321797371,0.14283505082130432,0.16824515163898468,0.6547260880470276,negative,0.7514652013778687
Ses02F_script01_3_M020,2,0.01599842868745327,0.06761857122182846,0.48898008465766907,0.42740294337272644,neutral,0.5464011430740356
Ses02F_script01_3_M021,2,0.02201453410089016,0.0749911218881607,0.46410074830055237,0.43889355659484863,neutral,0.8475856781005859
Ses02F_script01_3_M022,3,0.01927095837891102,0.0720171332359314,0.09142424166202545,0.8172876834869385,neutral,0.6424180269241333
Ses02F_script01_3_M023,3,0.027838703244924545,0.11512624472379684,0.1453040987253189,0.7117308974266052,neutral,0.6575261354446411
Ses02F_script01_3_M024,2,0.01975688897073269,0.08984779566526413,0.808925211429596,0.0814700573682785,negative,0.6542394757270813
Ses02F_script01_3_M025,2,0.029165852814912796,0.07279668003320694,0.7712547779083252,0.12678277492523193,neutral,0.6785151362419128
Ses02F_script01_3_M026,3,0.04647212103009224,0.12741419672966003,0.1727794110774994,0.6533343195915222,neutral,0.7046761512756348
Ses02F_script01_3_M027,3,0.02559686079621315,0.1023750975728035,0.08877081423997879,0.7832571864128113,neutral,0.7652982473373413
Ses02F_script01_3_M028,2,0.0549396350979805,0.13177552819252014,0.41198185086250305,0.40130293369293213,negative,0.8479317426681519
Ses02F_script01_3_M029,3,0.03952319547533989,0.14612984657287598,0.08941180258989334,0.7249351143836975,neutral,0.5536269545555115
Ses02F_script01_3_M030,3,0.0554291307926178,0.1796550303697586,0.12329648435115814,0.6416193842887878,neutral,0.6463953852653503
Ses02F_script01_3_M031,3,0.027020089328289032,0.1099882423877716,0.07415538281202316,0.7888363003730774,negative,0.7653207182884216
Ses02F_script01_3_M032,3,0.04111533984541893,0.1587420254945755,0.10887154191732407,0.6912711262702942,negative,0.902881920337677
Ses02F_script01_3_M033,3,0.026864076033234596,0.10445447266101837,0.12312671542167664,0.7455547451972961,positive,0.46808430552482605
Ses02F_script01_3_M034,3,0.019506506621837616,0.08487982302904129,0.10657265782356262,0.7890409827232361,negative,0.8940242528915405
Ses02F_script03_2_M000,2,0.07604282349348068,0.1597011387348175,0.698106050491333,0.06614995002746582,neutral,0.7977854013442993
Ses02F_script03_2_M001,0,0.46535757184028625,0.28987425565719604,0.21741297841072083,0.027355197817087173,negative,0.5567895174026489
Ses02F_script03_2_M006,0,0.9357829093933105,0.027917467057704926,0.019839366897940636,0.016460303217172623,neutral,0.7289566993713379
Ses02F_script03_2_M007,0,0.9163599014282227,0.0496821403503418,0.01990452967584133,0.01405343133956194,neutral,0.8441470861434937
Ses02F_script03_2_M009,2,0.12497565895318985,0.31678152084350586,0.5294932723045349,0.02874954231083393,neutral,0.8447504639625549
Ses02F_script03_2_M011,2,0.05346093699336052,0.11327862739562988,0.7867425680160522,0.046517886221408844,neutral,0.5705502033233643
Ses02F_script03_2_M013,0,0.6146542429924011,0.32996252179145813,0.03591150790452957,0.01947173662483692,negative,0.6372974514961243
Ses02F_script03_2_M027,0,0.9183445572853088,0.04975590482354164,0.018237387761473656,0.013662188313901424,negative,0.5548384189605713
Ses02F_script03_2_M030,0,0.875546932220459,0.0902133584022522,0.019769977778196335,0.01446979958564043,neutral,0.7241805195808411
Ses02F_script03_2_M036,0,0.8702450394630432,0.05359034240245819,0.050348784774541855,0.025815816596150398,negative,0.572966992855072
Ses02F_script03_2_M037,0,0.8552023768424988,0.10903642326593399,0.02193724550306797,0.01382398046553135,neutral,0.5320547223091125
Ses02F_script03_2_M038,0,0.9357588887214661,0.025885790586471558,0.02120012789964676,0.01715525984764099,neutral,0.7109506130218506
Ses02F_script03_2_M039,0,0.9377647638320923,0.025335753336548805,0.019638553261756897,0.017260931432247162,neutral,0.7578697204589844
Ses02F_script03_2_M041,0,0.9278362393379211,0.040712032467126846,0.016916975378990173,0.014534818939864635,negative,0.95156329870224
Ses02F_script03_2_M042,0,0.9352543950080872,0.03009675070643425,0.0191426333039999,0.015506241470575333,neutral,0.6514342427253723
Ses02F_script03_2_M043,0,0.9345249533653259,0.026253188028931618,0.022376595064997673,0.016845248639583588,neutral,0.6458773612976074
Ses02F_script03_2_M044,0,0.9386770725250244,0.023012876510620117,0.0199691504240036,0.018340814858675003,neutral,0.6643415093421936
Ses02F_script03_2_M045,0,0.9315124750137329,0.02432265318930149,0.025678051635622978,0.018486827611923218,neutral,0.8814332485198975
Ses02F_script03_2_M046,0,0.9278506636619568,0.024395786225795746,0.02853092923760414,0.019222622737288475,negative,0.7527943253517151
Ses02F_script03_2_M047,0,0.9342485070228577,0.02238624542951584,0.023993613198399544,0.019371716305613518,negative,0.9427738785743713
